session_id,session_type,granted,target_peak_uv,nontarget_peak_uv,delta_uv,pre_sigma_uv,snr_db,n_target,n_nontarget,n_markers,message,has_epochs,has_erp_data,session_dir
20260907_231607,genuine,True,1.3634445762403564,-0.7897718562311564,2.153216432471513,0.8977892543790483,7.598265649598712,15,85,100,"GRANTED — mean ΔP300=2.15 µV, pre_σ=0.90 µV, SNR=7.6 dB",True,True,logs/20260907_231607
20260907_234704,genuine,True,0.9487698487936375,-0.894552954408615,1.8433228032022524,0.7601957256197415,7.693519445982866,15,85,100,"GRANTED — mean ΔP300=1.84 µV, pre_σ=0.76 µV, SNR=7.7 dB",True,True,logs/20260907_234704
20260907_234840,genuine,True,2.212604932568858,0.4378657694609663,1.774739163107892,0.6302961867126958,8.991797066302606,15,85,100,"GRANTED — mean ΔP300=1.77 µV, pre_σ=0.63 µV, SNR=9.0 dB",True,True,logs/20260907_234840
20260907_235029,genuine,False,-2.075659415424843,1.3840128027079048,-3.459672218132747,0.9705124456540529,11.040676900933924,15,85,100,DENIED — mean ΔP300=-3.46 µV (need ≥1.5 µV AND ≥1.5×pre_σ=1.46 µV),True,True,logs/20260907_235029
20260907_235141,impostor,False,-0.541653229220616,-0.7095949055113918,0.16794167629077592,0.5797290062996704,-10.761330935516186,15,85,100,DENIED — mean ΔP300=0.17 µV (need ≥1.5 µV AND ≥1.5×pre_σ=0.87 µV),True,True,logs/20260907_235141
20260907_235249,impostor,False,1.4389983441019145,1.1641354863008193,0.27486285780109526,0.5842173324008051,-6.5491675946822365,15,85,100,DENIED — mean ΔP300=0.27 µV (need ≥1.5 µV AND ≥1.5×pre_σ=0.88 µV),True,True,logs/20260907_235249
20260907_235359,impostor,False,0.3494220805997999,-0.6972160626220096,1.0466381432218095,0.7157824192772609,3.300310613773831,15,85,100,DENIED — mean ΔP300=1.05 µV (need ≥1.5 µV AND ≥1.5×pre_σ=1.07 µV),True,True,logs/20260907_235359
20260907_235510,impostor,False,-1.3083939548242343,0.19350169755292085,-1.5018956523771547,0.43532402926417524,10.756542397276977,15,85,100,DENIED — mean ΔP300=-1.50 µV (need ≥1.5 µV AND ≥1.5×pre_σ=0.65 µV),True,True,logs/20260907_235510
20260907_235638,impostor,False,-0.5012651048360542,-0.817403897574672,0.3161387927386179,0.9540867778981384,-9.594201735634314,15,85,100,DENIED — mean ΔP300=0.32 µV (need ≥1.5 µV AND ≥1.5×pre_σ=1.43 µV),True,True,logs/20260907_235638
20260908_004327,genuine,False,-1.949559793753102,-0.09272751135289439,-1.8568322824002084,0.8336440976071015,6.9558399686154875,15,85,100,DENIED — mean ΔP300=-1.86 µV (need ≥1.5 µV AND ≥1.5×pre_σ=1.25 µV),True,True,logs/20260908_004327
20260908_004527,genuine,False,0.29658648165592216,-0.38850739072072316,0.6850938723766454,0.37908496869087477,5.140270376004197,15,85,100,DENIED — mean ΔP300=0.69 µV (need ≥1.5 µV AND ≥1.5×pre_σ=0.57 µV),True,True,logs/20260908_004527
20260908_004756,genuine,False,-1.0368359214660312,-0.43370212408116326,-0.6031337973848677,0.6861386363322747,-1.1199641928922381,15,85,100,DENIED — mean ΔP300=-0.60 µV (need ≥1.5 µV AND ≥1.5×pre_σ=1.03 µV),True,True,logs/20260908_004756
20260908_004912,impostor,False,0.9376425735622276,0.04071752616985542,0.8969250473923719,0.6611437327649038,2.649205335564892,15,85,100,DENIED — mean ΔP300=0.90 µV (need ≥1.5 µV AND ≥1.5×pre_σ=0.99 µV),True,True,logs/20260908_004912
20260908_005055,impostor,False,-1.8678165092416703,1.2348779031106754,-3.1026944123523448,0.4738162668168155,16.32258073901299,15,85,100,DENIED — mean ΔP300=-3.10 µV (need ≥1.5 µV AND ≥1.5×pre_σ=0.71 µV),True,True,logs/20260908_005055
20260908_005348,impostor,False,-0.9490325566372568,0.03785739150022288,-0.9868899481374798,0.7412740923572103,2.4857980761399054,15,85,100,DENIED — mean ΔP300=-0.99 µV (need ≥1.5 µV AND ≥1.5×pre_σ=1.11 µV),True,True,logs/20260908_005348
20260908_010113,impostor,False,0.40172565180535835,0.3584861505782068,0.04323950122715157,0.20453976070003707,-13.497941356835131,15,85,100,DENIED — mean ΔP300=0.04 µV (need ≥1.5 µV AND ≥1.5×pre_σ=0.31 µV),True,True,logs/20260908_010113
20260908_010226,impostor,False,1.7899014218340343,0.4960229339573969,1.293878487876638,1.0090561335146357,2.1595633144172584,15,85,100,DENIED — mean ΔP300=1.29 µV (need ≥1.5 µV AND ≥1.5×pre_σ=1.51 µV),True,True,logs/20260908_010226
20260908_010419,genuine,False,-0.8721543825368031,-1.0609460888144528,0.18879170627765005,0.5487221837012978,-9.267392131780937,15,85,100,DENIED — mean ΔP300=0.19 µV (need ≥1.5 µV AND ≥1.5×pre_σ=0.82 µV),True,True,logs/20260908_010419
20260908_010541,genuine,False,1.277252891318814,0.27603230864447803,1.001220582674336,0.7091939069744826,2.9952954672005303,15,85,100,DENIED — mean ΔP300=1.00 µV (need ≥1.5 µV AND ≥1.5×pre_σ=1.06 µV),True,True,logs/20260908_010541
20260909_205347,genuine,False,-0.7770787926461664,0.17417804829633543,-0.9512568409425018,0.4873090683814548,5.809865994492236,15,85,100,DENIED — mean ΔP300=-0.95 µV (need ≥1.5 µV AND ≥1.5×pre_σ=0.73 µV),True,True,logs/20260909_205347
20260909_205520,genuine,False,0.5047224307812979,-0.4410670563338611,0.9457894871151592,0.414553214451463,7.164283906077595,15,85,100,DENIED — mean ΔP300=0.95 µV (need ≥1.5 µV AND ≥1.5×pre_σ=0.62 µV),True,True,logs/20260909_205520
20260909_205658,genuine,False,1.3233233183586823,0.9804663507151796,0.34285696764350254,0.3702959526515796,-0.6687197093028809,15,85,100,DENIED — mean ΔP300=0.34 µV (need ≥1.5 µV AND ≥1.5×pre_σ=0.56 µV),True,True,logs/20260909_205658
20260909_205834,impostor,False,-1.5665826773476241,0.7199933176714058,-2.28657599501903,0.8783862982274148,8.310001743484811,15,85,100,DENIED — mean ΔP300=-2.29 µV (need ≥1.5 µV AND ≥1.5×pre_σ=1.32 µV),True,True,logs/20260909_205834
20260909_210002,impostor,False,-0.2579335673112563,0.32035498615857233,-0.5782885534698285,1.0600600429778488,-5.263717376684297,15,85,100,DENIED — mean ΔP300=-0.58 µV (need ≥1.5 µV AND ≥1.5×pre_σ=1.59 µV),True,True,logs/20260909_210002
20260910_010023,impostor,False,-0.9399676147979126,1.0838012854004786,-2.0237689001983905,0.7239383715489883,8.9291864233781,15,85,100,DENIED — mean ΔP300=-2.02 µV (need ≥1.5 µV AND ≥1.5×pre_σ=1.09 µV),True,True,logs/20260910_010023
20260910_010225,impostor,False,-0.12546245615673904,-0.674547598198819,0.54908514204208,0.8293055330822774,-3.58149741791366,15,85,100,DENIED — mean ΔP300=0.55 µV (need ≥1.5 µV AND ≥1.5×pre_σ=1.24 µV),True,True,logs/20260910_010225
20260910_010411,genuine,True,2.7807524304177136,-1.265002427510378,4.04575485792809,1.0692205195981155,11.558645589861387,15,85,100,"GRANTED — mean ΔP300=4.05 µV, pre_σ=1.07 µV, SNR=11.6 dB",True,True,logs/20260910_010411
20260910_010554,genuine,False,-1.8545278816061093,-1.2833460232532052,-0.5711818583529046,0.5928056492134108,-0.3227585710288747,15,85,100,DENIED — mean ΔP300=-0.57 µV (need ≥1.5 µV AND ≥1.5×pre_σ=0.89 µV),True,True,logs/20260910_010554
20260910_010740,genuine,True,3.0679748456751446,-0.6905567007044364,3.7585315463795808,1.0168053678667086,11.355607389844295,15,85,100,"GRANTED — mean ΔP300=3.76 µV, pre_σ=1.02 µV, SNR=11.4 dB",True,True,logs/20260910_010740
20260910_010928,genuine,False,0.2407058609828349,-1.219855640777592,1.4605615017604272,1.041880813743855,2.9340361706812743,15,85,100,DENIED — mean ΔP300=1.46 µV (need ≥1.5 µV AND ≥1.5×pre_σ=1.56 µV),True,True,logs/20260910_010928
20260910_011210,genuine,False,-0.4336044223081342,0.587690352242458,-1.0212947745505923,0.403771803649436,8.060302440072059,15,85,100,DENIED — mean ΔP300=-1.02 µV (need ≥1.5 µV AND ≥1.5×pre_σ=0.61 µV),True,True,logs/20260910_011210
20260910_012424,impostor,False,0.09724573952129813,1.4859390965645092,-1.3886933570432107,0.6270921810311665,6.9054994451088625,15,85,100,DENIED — mean ΔP300=-1.39 µV (need ≥1.5 µV AND ≥1.5×pre_σ=0.94 µV),True,True,logs/20260910_012424
20260910_012552,impostor,False,-0.2721665715530952,-0.36889270264981394,0.09672613109671872,0.6245069903534456,-16.199869739763717,15,85,100,DENIED — mean ΔP300=0.10 µV (need ≥1.5 µV AND ≥1.5×pre_σ=0.94 µV),True,True,logs/20260910_012552
20260910_022424,genuine,False,-0.8611687014804564,-0.6974076509605637,-0.1637610505198928,0.6338514168423862,-11.755536995934186,15,85,100,DENIED — mean ΔP300=-0.16 µV (need ≥1.5 µV AND ≥1.5×pre_σ=0.95 µV),True,True,logs/20260910_022424
20260910_022650,genuine,True,3.5304425328031437,-0.19343140276488202,3.723873935568026,1.225927760136638,9.650601819429802,15,85,100,"GRANTED — mean ΔP300=3.72 µV, pre_σ=1.23 µV, SNR=9.7 dB",True,True,logs/20260910_022650
20260910_022818,impostor,True,2.4651278880605254,-0.32380144430801544,2.788929332368541,0.5875150573025969,13.528370169010834,15,85,100,"GRANTED — mean ΔP300=2.79 µV, pre_σ=0.59 µV, SNR=13.5 dB",True,True,logs/20260910_022818
20260910_022942,impostor,False,-3.3679744240732603,-0.1267704689942492,-3.241203955079012,0.49796196130369796,16.27020382746042,15,85,100,DENIED — mean ΔP300=-3.24 µV (need ≥1.5 µV AND ≥1.5×pre_σ=0.75 µV),True,True,logs/20260910_022942
20260910_023124,genuine,False,-2.221282514452466,0.06070543577191696,-2.2819879502243836,0.6822142607094402,10.48785106754611,15,85,100,DENIED — mean ΔP300=-2.28 µV (need ≥1.5 µV AND ≥1.5×pre_σ=1.02 µV),True,True,logs/20260910_023124
20260910_023240,genuine,True,2.0003100883559024,-0.25395983360993346,2.254269921965837,0.7797228342441609,9.221313273177824,15,85,100,"GRANTED — mean ΔP300=2.25 µV, pre_σ=0.78 µV, SNR=9.2 dB",True,True,logs/20260910_023240
20260910_023458,genuine,False,1.12607666198224,0.10915432409800924,1.0169223378842305,0.5719344174711665,4.998831104388193,15,85,100,DENIED — mean ΔP300=1.02 µV (need ≥1.5 µV AND ≥1.5×pre_σ=0.86 µV),True,True,logs/20260910_023458
20260910_023826,impostor,False,-1.837618491343578,0.5779134339627305,-2.4155319253063086,0.887397312947194,8.697893449168847,15,85,100,DENIED — mean ΔP300=-2.42 µV (need ≥1.5 µV AND ≥1.5×pre_σ=1.33 µV),True,True,logs/20260910_023826
20260910_024036,impostor,False,0.2173671093515812,0.1559477950446597,0.06141931430692154,0.4262470823306405,-16.827129112835596,15,85,100,DENIED — mean ΔP300=0.06 µV (need ≥1.5 µV AND ≥1.5×pre_σ=0.64 µV),True,True,logs/20260910_024036
20260910_024231,impostor,False,-0.6060773116100223,0.5042557424394388,-1.110333054049461,0.43486046804240996,8.142066795566729,15,85,100,DENIED — mean ΔP300=-1.11 µV (need ≥1.5 µV AND ≥1.5×pre_σ=0.65 µV),True,True,logs/20260910_024231
20260910_024634,genuine,True,2.6631619103018833,-0.48040542078087484,3.1435673310827577,0.6561425176535953,13.608491722082228,15,85,100,"GRANTED — mean ΔP300=3.14 µV, pre_σ=0.66 µV, SNR=13.6 dB",True,True,logs/20260910_024634
20260910_144550,impostor,False,1.646911211621076,0.9587287833963485,0.6881824282247271,2.0369964305419352,-9.42573377311499,9,64,100,DENIED — mean ΔP300=0.69 µV (need ≥1.5 µV AND ≥1.5×pre_σ=3.06 µV),True,True,logs/20260910_144550
20260910_145026,genuine,True,2.795471616285748,-1.6526180165785553,4.448089632864302,0.7878272515652858,15.034850615029358,9,59,100,"GRANTED — mean ΔP300=4.45 µV, pre_σ=0.79 µV, SNR=15.0 dB",True,True,logs/20260910_145026
20260910_145338,impostor,False,-0.010653241463512543,-1.3197880411061527,1.3091347996426401,0.9455684250091946,2.8258281189414083,7,42,100,DENIED — mean ΔP300=1.31 µV (need ≥1.5 µV AND ≥1.5×pre_σ=1.42 µV),True,True,logs/20260910_145338
20260910_145518,impostor,False,-4.06065713409578,-0.22567640460827257,-3.834980729487507,2.9757849696031387,-99.0,15,68,100,DENIED — mean ΔP300=-3.83 µV (need ≥1.5 µV AND ≥1.5×pre_σ=4.46 µV),True,True,logs/20260910_145518
20260910_145712,impostor,False,1.3624227750099183,1.8135943647446895,-0.4511715897347714,1.1504497935312068,-99.0,15,83,100,DENIED — mean ΔP300=-0.45 µV (need ≥1.5 µV AND ≥1.5×pre_σ=1.73 µV),True,True,logs/20260910_145712
20260910_150549,genuine,True,3.1422191738284697,1.4905457235522348,1.651673450276235,0.9886830666124059,4.457341836740296,11,59,100,"GRANTED — mean ΔP300=1.65 µV, pre_σ=0.99 µV, SNR=4.5 dB",True,True,logs/20260910_150549
